"Run","NLL","nparam","AIC"
"Run25",-4025.77839172897,184,-7683.55678345794
