"Run","NLL","nparam","AIC"
"Run21",5409.41417836884,180,11178.8283567377
