"Run","NLL","nparam","AIC"
"Run19",-3959.61518764743,178,-7563.23037529485
