"Run","NLL","nparam","AIC"
"Run22",8260.86892229187,184,16889.7378445837
