"Run","NLL","nparam","AIC"
"Run24",8105.70012939621,184,16579.4002587924
