"Run","NLL","nparam","AIC"
"Run34",-982.084231997758,203,-1558.16846399552
