"Run","NLL","nparam","AIC"
"Run34",-1001.96556864507,203,-1597.93113729013
