"Run","NLL","nparam","AIC"
"Run30",-1163.35463095928,194,-1938.70926191855
