Run,NLL,nparam,AIC
Run30,-1163.3546309592768,194,-1938.7092619185537
