Run,NLL,nparam,AIC
Run23,8124.156751288242,183,16614.313502576486
Run24,8105.700129396213,184,16579.400258792426
