Run,NLL,nparam,AIC
Run19,-3959.615187647427,178,-7563.230375294854
Run20,8170.367435799562,178,16696.734871599125
