"Run","NLL","nparam","AIC"
"Run23",8124.15675128824,183,16614.3135025765
