"Run","NLL","nparam","AIC"
"Run20",8170.36743579956,178,16696.7348715991
